disk,members,contender,workload,clients,total,rps,p50_ms,p90_ms,p99_ms,p999_ms,max_ms
pve-slow,1,etcd-v3.7.2,put-1c,1,200,14.6,33.507,127.057,763.700,nan,881.378
pve-slow,1,etcd-v3.7.2,put-1000c,1000,10000,8785.8,89.322,194.040,206.584,213.112,214.751
pve-slow,1,etcd-v3.7.2,range-lin-1000c,1000,100000,78512.8,10.461,20.189,57.406,69.111,74.192
pve-slow,1,etcd-v3.7.2,range-ser-1000c,1000,100000,95949.6,8.060,18.006,29.451,41.054,56.382
pve-slow,1,etcd-v3.7.2,txn-put-1000c,1000,10000,4553.5,178.807,546.702,743.732,746.552,747.256
pve-slow,1,etcd-v3.7.2,watch-create-1000w,10,1000,12005.9,0.110,0.213,67.690,68.474,68.474
pve-slow,1,etcd-v3.7.2,watch-events,10,1000,95425.2,,,,,
pve-slow,1,etcd-v3.7.2,lease-keepalive-1000c,1000,10000,27893.1,10.639,66.745,89.786,94.164,95.936
pve-slow,1,fastetcd-v1.11.0,put-1c,1,200,7.5,133.865,168.479,241.465,nan,525.415
pve-slow,1,fastetcd-v1.11.0,put-1000c,1000,10000,94.2,9157.605,18794.139,20114.460,20116.758,20117.001
pve-slow,1,fastetcd-v1.11.0,range-lin-1000c,1000,100000,92770.2,10.279,14.064,21.330,26.666,29.652
pve-slow,1,fastetcd-v1.11.0,range-ser-1000c,1000,100000,94023.4,10.101,14.218,22.797,27.504,34.134
pve-slow,1,fastetcd-v1.11.0,txn-put-1000c,1000,10000,28.9,39665.256,62113.274,64683.523,64684.652,64686.644
pve-slow,1,fastetcd-v1.11.0,watch-create-1000w,10,1000,40991.1,0.094,0.229,10.438,10.644,10.644
pve-slow,1,fastetcd-v1.11.0,watch-events,10,1000,7347.1,,,,,
pve-slow,1,fastetcd-v1.11.0,lease-keepalive-1000c,1000,10000,26.0,36043.953,47502.334,53765.112,53765.945,53766.420
pve-slow,1,fastetcd-v1.12.0,put-1c,1,200,8.1,112.846,170.484,507.044,nan,781.917
pve-slow,1,fastetcd-v1.12.0,put-1000c,1000,10000,1513.6,509.921,1235.473,1845.214,1848.553,1850.780
pve-slow,1,fastetcd-v1.12.0,range-lin-1000c,1000,100000,108192.9,8.766,12.221,17.269,21.118,27.766
pve-slow,1,fastetcd-v1.12.0,range-ser-1000c,1000,100000,115912.0,8.214,11.519,17.969,22.679,26.863
pve-slow,1,fastetcd-v1.12.0,txn-put-1000c,1000,10000,887.4,1081.962,1630.816,1997.939,2000.713,2001.425
pve-slow,1,fastetcd-v1.12.0,watch-create-1000w,10,1000,88207.7,0.062,0.147,1.283,1.505,1.505
pve-slow,1,fastetcd-v1.12.0,watch-events,10,1000,13538.0,,,,,
pve-slow,1,fastetcd-v1.12.0,lease-keepalive-1000c,1000,10000,791.0,1033.871,1543.675,1630.792,1634.046,1634.273
